Country,1990,1991,1992,1993,1994,1995,1996,1997,1998,1999,2000,2001,2002,2003,2005,2006,2007,2008,2009,2010,2011,2012,2013,2014,2015,2016,2017,2018,2019
 Afghanistan,1.5,1.6,1.6,1.7,1.8,1.9,1.9,2,2,2.1,2.2,2.2,2.3,2.4,2.6,2.7,2.9,3,3.1,3.2,3.3,3.4,3.5,3.5,3.6,3.6,3.8,3.9,3.9
 Albania,7.8,7.8,7.8,7.8,7.8,8,8.2,8.3,8.5,8.6,8.8,8.7,9,9,9.1,9.2,9.2,9.2,9.3,9.3,10,10,10,10,10,10,10.1,10.1,10.1
 Algeria,3.6,3.8,4,4.3,4.5,4.7,5,5.2,5.4,5.7,5.9,6.1,6.3,6.5,6.9,7,7.2,6.7,6.9,7.1,7.4,7.6,7.8,7.9,7.9,7.9,8,8,8
 Andorra,..,..,..,..,..,..,..,..,..,..,9.9,9.9,9.9,10.1,9.9,10.2,10.3,10.3,10.3,10.4,10.4,10.4,10.5,10.5,10.6,10.6,10.5,10.5,10.5
 Angola,..,..,..,..,..,..,..,..,..,4.4,4.4,4.4,4.4,4.4,4.4,4.5,4.5,4.6,4.7,4.7,4.7,4.8,4.9,4.9,5,5.1,5.1,5.2,5.2
 Antigua and Barbuda,..,..,..,..,..,..,..,..,..,..,7,8.9,9,9,9.1,9.2,9.2,9.3,9.3,9.2,9,9,9.1,9.1,9.2,9.2,9.3,9.3,9.3
 Argentina,7.9,8,8,8.1,8.2,8.3,8.5,8.6,8.8,8.9,9.1,9.1,9.2,9.3,9.1,10.3,10.3,10.3,10.3,10.3,10.3,10.4,10.4,10.4,10.4,10.5,10.6,10.6,10.9
 Armenia,10.1,10.2,10.2,10.3,10.4,10.4,10.5,10.6,10.7,10.7,10.8,10.7,10.8,10.8,10.9,10.9,11,11,11.1,11.1,11.2,11.3,11.4,11.5,11.7,11.5,11.3,11.3,11.3
 Australia,11.7,11.8,11.8,11.8,11.8,11.8,11.8,11.8,11.8,11.9,11.9,11.9,11.8,11.8,11.2,11.3,11.4,12.4,12.5,12.6,12.7,12.8,12.2,12.3,12.5,12.6,12.7,12.7,12.7
 Austria,8.6,8.7,8.7,8.8,8.8,8.9,8.9,8.9,9,9,9,9.2,9.4,9.6,9.9,10.1,11.6,11.5,11.7,11.8,11.8,11.8,11.9,12.4,12.6,12.6,12.6,12.6,12.5
 Azerbaijan,..,..,..,..,..,10.2,10.3,10.4,10.5,10.5,10.6,10.6,10.6,10.6,10.7,10.7,10.2,10.2,10.5,10.5,10.5,10.5,10.5,10.5,10.5,10.5,10.6,10.6,10.6
 Bahamas,..,..,..,..,..,..,..,..,..,..,10.9,10.9,10.9,10.9,10.9,11.1,11.2,11.3,11.4,11.5,11.5,11.4,11.3,11.2,11.3,11.4,11.4,11.4,11.4
 Bahrain,6,6.3,6.5,6.7,6.9,7.2,7.4,7.6,7.9,8.1,8.3,8.4,8.4,8.4,8.4,8.4,8.4,8.4,8.4,8.4,8.6,8.8,9,9.1,9.3,9.4,9.4,9.4,9.5
 Bangladesh,2.8,2.9,3,3.1,3.2,3.3,3.5,3.6,3.8,3.9,4.1,4.3,4.3,4.4,4.5,4.6,4.7,4.8,4.8,5.3,5.7,5.8,5.5,5.2,5.8,5.9,6.1,6.1,6.2
 Barbados,8.1,8.2,8.3,8.4,8.5,8.6,8.6,8.6,8.6,8.7,9,9,9.1,9.1,9.2,9.2,9.3,9.3,9.3,9.4,9.9,10.5,10.5,10.5,10.5,10.6,10.6,10.6,10.6
 Belarus,..,..,..,..,..,8.5,8.6,8.7,8.8,8.8,8.9,9,9.1,9.1,9.3,10,10.6,11.3,11.9,12,12,12,12,12.1,12.2,12.3,12.3,12.3,12.3
 Belgium,9.4,9.5,9.5,9.6,9.7,9.7,9.8,9.8,9.9,10,10,10.2,10.3,10.4,10.7,11.1,11.1,11,11.1,11.1,11.2,11.2,11.4,11.5,11.7,11.8,12,12,12.1
 Belize,5.9,5.9,6,6.1,6.3,6.4,6.5,6.7,6.8,6.9,7.1,7.2,7.3,7.4,7.6,7.9,8.1,8.4,8.7,9.5,9.1,9.2,9.3,9.4,9.5,9.7,9.8,9.8,9.9
 Benin,1.6,1.7,1.8,1.9,2,2.1,2.2,2.3,2.4,2.5,2.6,2.6,2.7,2.7,2.8,2.8,2.8,2.8,2.8,2.8,2.8,3,3.2,3.3,3.5,3.6,3.6,3.8,3.8
 Bhutan,..,..,..,..,..,..,..,..,..,..,..,..,..,..,2.3,2.3,2.3,2.3,2.3,2.3,2.3,2.5,2.8,3.1,3.4,3.8,4.1,4.1,4.1
 Bolivia (Plurinational State of),6.4,6.5,6.7,6.8,7,7.1,7.2,7.2,7.3,7.4,7.4,7.3,7.2,7.1,7,7.3,7.1,7.6,7.7,7.8,8,8,8.4,8.5,8.7,8.8,8.9,9,9
 Bosnia and Herzegovina,..,..,..,..,..,..,..,..,..,..,7,7.1,7.2,7.2,7.4,7.4,7.5,7.6,7.7,7.1,7.2,8.3,8.7,8.9,9,9.7,9.8,9.8,9.8
 Botswana,5.5,5.8,6,6.2,6.5,6.7,6.9,7.1,7.3,7.4,7.6,7.7,7.9,8,8.3,8.4,8.5,8.6,8.8,8.9,8.9,9,9.1,9.2,9.2,9.3,9.3,9.4,9.6
 Brazil,3.8,3.9,4.1,4.3,4.5,4.6,4.8,5,5.2,5.4,5.6,5.8,6,6.2,6.3,6.4,6.5,6.7,6.8,6.9,7.1,7.3,7.4,7.4,7.6,7.7,7.8,7.8,8
 Brunei Darussalam,7.5,7.6,7.7,7.8,8,8.1,8.1,8.2,8.2,8.2,8.3,8.3,8.4,8.4,8.5,8.5,8.6,8.7,8.7,8.8,8.8,8.9,8.9,9,9,9.1,9.1,9.1,9.1
 Bulgaria,8.9,8.9,9,9.1,9.2,9.3,9.3,9.4,9.4,9.5,9.5,9.9,10,10.1,10.2,10.5,10.6,10.7,10.7,10.8,10.9,11,11.1,11.1,11.3,11.3,11.4,11.4,11.4
 Burkina Faso,..,..,..,..,..,..,..,..,..,..,1.2,1.3,1.3,1.3,1.3,1.3,1.3,1.3,1.4,1.4,1.4,1.4,1.4,1.4,1.4,1.5,1.5,1.6,1.6
 Burundi,1.4,1.5,1.5,1.5,1.6,1.6,1.6,1.7,1.7,1.8,1.8,1.9,2,2.1,2.3,2.4,2.4,2.5,2.6,2.6,2.6,2.7,2.8,2.8,2.9,3,3,3.1,3.3
 Cabo Verde,..,..,..,..,..,..,..,..,..,..,3.5,3.7,3.8,4,4.3,4.5,4.6,4.8,5,5.1,5.3,5.4,5.6,5.8,5.9,6,6.1,6.2,6.3
 Cambodia,2.7,2.7,2.8,2.8,2.9,3,3,3.1,3.1,3.2,3.2,3.3,3.3,3.4,3.5,3.6,4,3.9,4,4.4,4.4,4.5,4.6,4.7,4.7,4.7,4.8,4.8,5
 Cameroon,3.5,3.6,3.7,3.9,4,4.2,4.3,4.4,4.6,4.7,4.8,4.9,5.1,5.1,5.1,5.2,5.2,5.2,5.2,5.3,5.5,5.7,5.9,5.8,6,6.1,6.2,6.3,6.3
 Canada,10.3,10.3,10.4,10.5,10.6,10.6,10.7,10.8,10.8,10.9,11,11.2,11.5,11.7,12.2,12.3,12.4,12.4,12.5,12.6,12.7,12.8,12.9,13.1,13.2,13.3,13.3,13.3,13.4
 Central African Republic,2.1,2.1,2.2,2.3,2.4,2.4,2.5,2.6,2.7,2.8,2.9,2.9,3,3.1,3.3,3.3,3.4,3.4,3.5,3.6,3.7,3.8,4,4.1,4.2,4.3,4.3,4.3,4.3
 Chad,..,..,..,..,..,..,..,..,..,..,1.4,1.4,1.4,1.4,1.5,1.6,1.7,1.8,1.8,1.9,2,2.1,2.1,2.2,2.3,2.4,2.4,2.5,2.5
 Chile,8.1,8.1,8.2,8.3,8.3,8.4,8.5,8.6,8.6,8.7,8.8,9,9.2,9.4,9.5,9.5,9.9,10.3,11.1,9,9.5,9.7,9.9,10.1,10.2,10.3,10.4,10.4,10.6
 China,4.8,5,5.2,5.3,5.5,5.7,5.8,6,6.2,6.3,6.5,6.5,6.6,6.7,6.9,6.9,7,7,7.1,7.3,7.4,7.5,7.5,7.6,7.7,7.8,7.8,7.9,8.1
 Colombia,5.5,5.6,5.7,5.8,6,6.1,6.2,6.3,6.3,6.4,6.5,6.5,6.5,6.5,6.8,6.7,7.2,7.3,7.3,7.4,7.5,7.6,7.8,8,8.1,8.3,8.3,8.3,8.5
 Comoros,..,..,..,..,..,..,..,..,..,..,2.8,2.8,2.8,2.8,3.1,3.3,3.5,3.7,3.9,4.2,4.4,4.6,4.7,4.7,4.8,4.8,4.9,5,5.1
 Congo,4.4,4.5,4.7,4.8,5,5.1,5.2,5.3,5.4,5.5,5.5,5.6,5.7,5.7,5.8,5.9,5.9,6,6,6.1,6.2,6.2,6.3,6.4,6.5,6.5,6.5,6.5,6.5
 Congo (Democratic Republic of the),2.3,2.4,2.5,2.7,2.8,2.9,3,3.1,3.1,3.2,3.3,3.5,3.7,3.9,4.3,4.5,4.8,5,5.2,5.9,5.6,5.8,6,6.5,6.4,6.6,6.8,6.8,6.8
 Costa Rica,6.9,7,7.1,7.2,7.3,7.4,7.5,7.7,7.8,7.9,8,8,8,7.9,7.9,7.9,8.1,8.4,8.4,8.3,8.4,8.5,8.5,8.8,8.6,8.6,8.7,8.7,8.7
 Croatia,6,6.3,6.5,6.8,7.1,7.3,7.8,8.2,8.6,9,9.4,9.8,9.8,9.8,9.7,9.9,10.1,10.3,10.6,10.8,11.1,11.2,11.2,11.3,11.3,11.4,11.4,11.4,11.4
 Cuba,8.5,8.6,8.8,8.9,9.1,9.2,9.3,9.4,9.5,9.6,9.6,9.7,9.5,9.8,9.9,10.1,10.4,10.6,10.8,11,11.3,10.8,11,11.1,11.4,11.6,11.8,11.8,11.8
 Cyprus,8.7,8.8,8.9,9,9.1,9.2,9.4,9.5,9.7,9.8,10,10.1,10.2,10.4,10.7,10.9,11.2,11.3,11.3,11.5,11.6,11.8,12,11.9,11.9,12.1,12.1,12.2,12.2
 Czechia,8.4,8.4,8.6,8.9,9.1,9.4,9.6,9.9,10.1,10.4,10.6,10.9,11.1,11.4,11.9,12.1,12.2,12.2,12.3,12.4,12.5,12.4,12.6,12.8,12.7,12.6,12.7,12.7,12.7
 Côte d'Ivoire,2,2.1,2.2,2.3,2.4,2.5,2.6,2.8,3,3.1,3.3,3.3,3.4,3.5,3.7,3.8,3.9,4,4.1,4.2,4.4,4.5,4.7,4.4,5,5.1,5.2,5.2,5.3
 Denmark,9,9.2,9.3,9.5,9.7,9.9,10.1,10.2,10.4,10.6,10.7,11.4,12.1,12.8,12.8,12.8,12.5,12.9,12.7,12.7,12.7,12.8,12.8,12.8,12.5,12.5,12.6,12.6,12.6
 Djibouti,..,..,..,..,..,2.8,2.8,2.9,3,3.1,3.2,3.3,3.4,3.5,3.7,3.8,3.9,3.9,3.9,4,4,4,4,4.1,4.1,4.1,4.1,4,4.1
 Dominica,..,..,..,..,..,..,..,..,..,..,7.8,7.8,7.8,7.8,7.8,7.8,7.8,7.8,7.8,7.8,7.8,7.9,7.9,7.9,8,8,8.1,8.1,8.1
 Dominican Republic,5,5.1,5.3,5.5,5.7,5.8,6,6.1,6.2,6.3,6.4,6.5,6.7,6.8,7,7.1,7.2,7.2,7.2,7.3,7.4,7.5,7.6,7.8,7.8,7.9,7.9,7.9,8.1
 Ecuador,6.6,6.7,6.7,6.8,6.9,6.9,6.9,6.9,6.9,6.9,7,7,7.1,7.1,7.3,7.3,7.7,7.7,7.7,7.8,7.9,8.1,8.3,8.4,8.7,8.7,8.8,8.8,8.9
 Egypt,3.5,3.6,3.7,3.8,3.9,4,4.2,4.3,4.5,4.6,4.8,4.9,5.1,5.3,5.6,5.8,6,6.2,6.4,6.5,6.7,6.8,6.9,7,7.1,7.2,7.2,7.3,7.4
 El Salvador,3.7,3.8,3.9,4,4.1,4.2,4.4,4.6,4.8,5,5.2,5.3,5.5,5.7,6,6.4,5.8,6.4,6.5,7.1,6.5,6.7,6.6,6.5,6.6,6.8,6.9,6.9,6.9
 Equatorial Guinea,..,..,..,..,..,..,..,..,..,..,5.4,5.4,5.4,5.4,5.4,5.4,5.4,5.4,5.5,5.5,5.5,5.5,5.5,5.5,5.5,5.5,5.6,5.6,5.9
 Eritrea,..,..,..,..,..,..,..,..,..,..,..,..,..,..,3.7,3.7,3.8,3.8,3.8,3.9,3.9,3.9,3.9,3.9,3.9,3.9,3.9,3.9,3.9
 Estonia,9.3,9.5,9.8,10,10.3,10.5,10.7,11,11.2,11.5,11.7,11.8,11.9,11.9,12.1,12.2,12.2,12.3,12.4,12.5,12.5,12.5,12.6,12.6,12.9,13.1,13,13.1,13.1
 Eswatini (Kingdom of),4.2,4.3,4.3,4.3,4.3,4.2,4.2,4.1,4,3.9,3.9,3.7,3.6,3.4,4.5,5.1,5.3,5.4,5.6,5.7,5.9,6.1,6.3,6.5,6.6,6.7,6.7,6.9,6.9
 Ethiopia,..,..,..,..,..,..,..,..,..,..,1.5,1.6,1.7,1.7,1.9,2,2,2.2,2.3,2.3,2.4,2.4,2.5,2.5,2.6,2.7,2.8,2.8,2.9
 Fiji,8.4,8.7,8.9,9.2,9.5,9.8,9.8,9.7,9.7,9.6,9.6,9.5,9.4,9.3,9.2,9.3,9.3,9.4,9.5,9.6,9.8,10.1,10.3,10.5,10.8,10.8,10.8,10.9,10.9
 Finland,7.5,7.7,7.9,8.2,8.4,8.6,8.8,8.9,9,9.2,9.3,9.4,9.5,9.6,12.5,12.6,12.6,12.7,12.8,12.8,12.9,12.9,12.8,12.6,12.7,12.7,12.8,12.8,12.8
 France,7.1,7.5,7.8,8.1,8.4,8.8,9,9.2,9.4,9.6,9.8,10,10.1,10.2,10.4,10.6,10.7,10.7,10.8,10.9,10.9,11,11.2,11.4,11.5,11.4,11.4,11.4,11.5
 Gabon,4.3,4.5,4.7,4.9,5,5.2,5.4,5.6,5.8,6,6.2,6.3,6.5,6.6,6.9,7,7.2,7.3,7.4,7.6,7.7,7.8,7.9,8,8.1,8.2,8.3,8.4,8.7
 Gambia,1.2,1.4,1.5,1.6,1.7,1.8,1.8,1.9,1.9,2,2,2.1,2.1,2.2,2.4,2.5,2.5,2.6,2.7,2.8,3.1,3.2,3.4,3.5,3.5,3.5,3.7,3.8,3.9
 Georgia,..,..,..,..,..,..,..,..,..,..,11.7,11.8,11.9,12,12.1,12.1,12.1,12.2,12.2,12.2,12.2,12.5,12.6,12.6,12.7,12.8,12.8,12.8,13.1
 Germany,8.8,8.9,9.1,9.3,9.5,9.7,9.8,10,10.4,10.8,11.2,11.7,12.1,12.5,13,13.5,13.6,13.7,13.7,13.8,13.8,13.9,13.9,14,14.1,14.1,14.1,14.1,14.2
 Ghana,4.9,5.1,5.2,5.4,5.5,5.7,5.8,5.8,5.9,6,6.1,6.2,6.2,6.3,6.4,6.5,6.5,6.6,6.7,6.7,6.8,6.8,6.9,6.9,6.9,7.1,7.1,7.2,7.3
 Greece,7.9,7.9,8,8.1,8.1,8.2,8.3,8.3,8.4,8.5,8.6,8.8,9.1,9.3,9.8,9.9,10,10.1,10.1,10.3,10.3,10.3,10.4,10.5,10.6,10.3,10.5,10.5,10.6
 Grenada,..,..,..,..,..,..,..,..,..,..,..,..,7.4,7.6,7.8,7.9,8,8.1,8.2,8.3,8.4,8.4,8.5,8.6,8.7,8.7,8.7,8.8,9
 Guatemala,3.1,3.2,3.3,3.3,3.4,3.5,3.5,3.6,3.6,3.6,3.7,3.8,3.8,3.7,3.5,3.7,3.8,4,4.2,4.3,4.5,4.6,4.7,6.4,6.4,6.4,6.5,6.5,6.6
 Guinea,1.2,1.2,1.2,1.3,1.3,1.3,1.4,1.4,1.4,1.4,1.5,1.5,1.5,1.5,1.6,1.6,1.6,1.6,1.6,1.6,2,2.4,2.6,2.6,2.7,2.7,2.7,2.7,2.8
 Guinea-Bissau,..,..,..,..,..,..,..,..,..,..,..,..,..,..,2.3,2.3,2.3,2.4,2.5,2.6,2.7,2.8,2.8,3.2,3.2,3.3,3.3,3.3,3.6
 Guyana,6.8,6.9,7,7,7.1,7.2,7.3,7.4,7.5,7.6,7.7,7.8,7.8,7.8,7.9,7.9,8,8,8,8.1,8.2,8.3,8.3,8.4,8.4,8.4,8.5,8.5,8.5
 Haiti,2.7,2.8,2.9,3,3.1,3.2,3.3,3.4,3.5,3.6,3.8,3.9,4,4.1,4.3,4.4,4.5,4.6,4.7,4.7,4.8,4.9,5,5.2,5.3,5.4,5.4,5.6,5.6
 Honduras,3.5,3.5,3.6,3.7,3.8,3.9,3.9,4,4.1,4.2,4.3,4.4,4.5,4.6,4.7,4.8,5,5.1,5.2,5.4,5.6,5.5,5.8,6.2,6.3,6.5,6.6,6.6,6.6
" Hong Kong, China (SAR)",8.6,8.6,8.6,8.7,8.7,8.8,8.8,8.8,8.8,8.8,8.8,9.1,9.5,9.8,10.5,11,10.9,11.3,11.4,11.5,11.4,11.6,11.6,11.9,11.9,12.1,12.2,12.3,12.3
 Hungary,8.7,9,9.3,9.7,10,10.3,10.3,10.3,10.3,10.2,10.2,10.3,10.3,10.5,10.7,11.1,11.3,11.5,12.1,12.2,11.7,11.8,12,11.8,11.8,11.8,11.9,11.9,12
 Iceland,8.5,8.6,8.6,8.7,8.8,8.9,9,9.1,9.2,9.3,9.4,9.6,9.7,9.8,10,10.2,10.3,10.4,10.5,10.6,11,11.5,11.9,12.2,12.2,12.4,12.4,12.5,12.8
 India,3,3.1,3.2,3.3,3.4,3.5,3.7,3.9,4,4.2,4.4,4.5,4.6,4.7,4.8,4.9,5,5.2,5.3,5.4,5.3,5.5,5.8,6,6.2,6.4,6.5,6.5,6.5
 Indonesia,3.3,3.5,3.7,3.9,4,4.2,4.7,5.2,5.7,6.2,6.7,6.9,7,7.2,7.4,7.9,7.1,7.1,7.4,7.4,7.6,7.6,7.8,7.8,7.9,7.9,8,8,8.2
 Iran (Islamic Republic of),4.2,4.4,4.6,4.8,5.1,5.3,5.5,5.6,5.8,6,6.2,6.4,6.5,6.7,7,9.1,8.9,8.6,8.8,9,9.2,9.5,9.8,9.8,9.9,10,10,10.2,10.3
 Iraq,3.2,3.4,3.6,3.8,4,4.2,4.3,4.5,4.7,4.9,5,5.2,5.4,5.5,5.8,5.9,6.1,6.2,6.3,6.4,6.6,6.6,6.6,6.6,6.8,6.9,7,7.3,7.3
 Ireland,9.7,9.9,10,10.1,10.3,10.4,10.5,10.6,10.7,10.8,10.8,11,11.2,11.4,11.7,11.8,11.9,12,12.1,11.1,10.9,11.3,11.8,12.3,12.3,12.5,12.5,12.5,12.7
 Israel,10.8,11,11.1,11.3,11.4,11.6,11.7,11.8,11.8,11.9,12,12.1,12.1,12.2,12.3,12.1,12.5,12.6,12.6,12.6,12.7,12.8,12.8,12.9,12.9,13,13,13,13
 Italy,7.3,7.4,7.5,7.7,7.8,7.9,8.1,8.2,8.3,8.4,8.6,8.7,8.8,8.9,9.2,9.3,9.4,9.5,9.6,9.7,9.8,9.9,10,10.1,10.1,10.2,10.2,10.3,10.4
 Jamaica,5.9,5.9,6.1,6.2,6.4,6.6,6.7,6.9,7,7.2,7.3,7.5,7.7,7.8,8.1,8.3,8.4,8.6,8.8,8.9,9,9.1,9.2,9.4,9.5,9.7,9.8,9.8,9.7
 Japan,9.6,9.7,9.8,10,10.1,10.2,10.3,10.4,10.5,10.6,10.7,10.8,10.9,11,11.2,11.2,11.3,11.4,11.4,11.5,11.8,12,12.2,12.5,12.5,12.7,12.8,12.8,12.8
 Jordan,5.1,5.9,6.8,7.6,8.5,9.3,9.3,9.4,9.4,9.5,9.5,9.6,9.6,9.7,9.7,9.8,9.8,9.8,9.9,9.8,9.9,9.9,9.9,10.1,10.3,10.4,10.4,10.5,10.5
 Kazakhstan,8.1,8.3,8.5,8.8,9,9.3,9.5,9.8,10,10.2,10.5,10.7,11,11.2,11.7,11.7,11.6,11.5,11.5,11.4,11.5,11.5,11.6,11.7,11.7,11.7,11.8,11.8,11.9
 Kenya,3.7,3.9,4,4.2,4.4,4.5,4.7,4.8,5,5.1,5.3,5.4,5.5,5.6,5.8,5.9,6,6,6.1,6.1,6.2,6.2,6.3,6.3,6.3,6.4,6.5,6.6,6.6
 Kiribati,..,..,..,..,..,..,..,..,..,..,6.8,6.9,7,7.1,7.3,7.4,7.5,7.6,7.8,7.9,7.9,7.9,7.9,7.9,7.9,7.9,7.9,7.9,8
 Korea (Republic of),8.9,9.2,9.4,9.6,9.8,10,10.1,10.2,10.4,10.5,10.6,10.7,10.9,11,11.4,11.4,11.5,11.6,11.2,11.6,11.8,11.9,12,12.1,12.1,12.2,12.2,12.2,12.2
 Kuwait,5.5,5.5,5.6,5.7,5.7,5.8,5.9,6,6,6.1,6.2,6.2,6.1,6.1,5.8,6.2,6.3,6.5,6.6,6.8,7,7.3,6.7,6.9,7.1,7.2,7.3,7.3,7.3
 Kyrgyzstan,8.6,8.7,8.8,8.9,9,9.1,9.2,9.4,9.5,9.8,9.8,9.9,10,10,10.2,10.2,10.3,10.3,10.4,10.6,10.6,10.7,10.7,10.8,10.9,10.9,10.9,10.9,11.1
 Lao People's Democratic Republic,3.1,3.2,3.3,3.4,3.5,3.6,3.6,3.7,3.8,3.8,3.9,4,4,4.1,4.2,4.3,4.4,4.4,4.5,4.6,4.8,5,5.1,5,5.1,5.2,5.2,5.2,5.3
 Latvia,7.6,7.8,8.1,8.4,8.6,8.9,9,9.1,9.2,9.4,9.5,10,10.6,11.2,12.1,12.2,12.3,12.2,12.3,12.5,12.6,12.6,12.7,12.6,12.8,12.9,13,13,13
 Lebanon,..,..,..,..,..,..,..,..,..,..,..,..,..,..,7.5,7.6,7.8,7.8,7.9,7.9,8,8.1,8.3,8.4,8.5,8.6,8.7,8.7,8.7
 Lesotho,4.4,4.5,4.5,4.5,4.6,4.6,4.7,4.7,4.8,4.8,4.9,5,5.1,5.1,5.3,5.4,5.5,5.4,5.9,5.6,5.8,5.9,6,6.1,6.1,6.3,6.3,6.4,6.5
 Liberia,2.6,2.7,2.8,2.9,3,3.1,3.2,3.2,3.3,3.4,3.5,3.5,3.6,3.7,3.8,3.8,3.9,4,4,4.1,4.2,4.3,4.4,4.4,4.4,4.5,4.7,4.7,4.8
 Libya,3.8,4,4.2,4.3,4.5,4.7,4.9,5,5.2,5.4,5.6,5.8,5.9,6.1,6.4,6.6,6.8,7,7.1,7.3,7.3,7.3,7.3,7.3,7.3,7.3,7.6,7.6,7.6
 Liechtenstein,9.2,9.2,9.2,9.3,9.3,9.3,9.5,9.7,9.9,10.1,10.2,10.4,10.5,10.7,11,11.2,11.4,11.7,11.8,12.1,12.2,12.3,12.4,12.4,12.4,12.5,12.5,12.5,12.5
 Lithuania,9,9.2,9.4,9.5,9.7,9.9,10,10.2,10.4,10.6,10.7,10.9,11.1,11.3,11.8,12,12.1,12.2,11.5,11.6,11.8,11.7,11.9,12.6,12.8,12.9,13,13,13.1
 Luxembourg,8.8,8.9,9,9.1,9.2,9.3,9.5,9.7,9.9,10.1,10.3,10.5,10.7,10.9,11.3,11.5,11.7,11.7,11.8,11.8,11.8,11.8,11.8,12,12,12.1,12.2,12.2,12.3
 Madagascar,..,..,..,..,..,..,..,..,..,..,5.2,5.2,5.3,5.4,5.6,5.7,5.8,5.9,5.9,6,6.1,6.1,6.1,6.1,6.1,6.1,6.1,6.1,6.1
 Malawi,2.5,2.5,2.6,2.6,2.7,2.7,2.8,2.8,2.9,3,3,3.1,3.2,3.3,3.4,3.6,3.8,3.9,4.1,4.3,4.3,4.3,4.4,4.4,4.4,4.5,4.5,4.6,4.7
 Malaysia,6.5,6.7,6.9,7.1,7.4,7.6,7.8,8,8.2,8.4,8.6,8.4,8.2,8,7.6,8.2,8.8,9.4,9.6,9.8,10.1,10.1,10.1,10.1,10.2,10.2,10.2,10.2,10.4
 Maldives,4,3.9,3.8,3.7,3.6,3.5,3.4,3.3,3.2,3.1,3,3.1,3.2,3.3,3.5,3.8,3.9,4.3,4.7,4.9,5.2,5.5,5.7,6.2,6.7,6.8,6.8,6.8,7
 Mali,0.7,0.7,0.8,0.8,0.9,0.9,1,1,1.1,1.1,1.2,1.3,1.4,1.5,1.7,1.7,1.8,1.9,1.9,2,2,2.1,2.2,2.3,2.1,2.2,2.3,2.4,2.4
 Malta,7.4,7.4,7.4,7.4,7.4,7.4,7.6,7.7,7.8,7.9,8.1,8.2,8.3,8.5,9.8,9.8,9.9,10,10.2,10.3,10.5,10.8,11,11.1,11.2,11.3,11.3,11.3,11.3
 Marshall Islands,..,..,..,..,..,..,..,..,..,..,..,..,..,..,..,..,..,..,..,..,10.8,10.8,10.8,10.8,10.8,10.9,10.9,10.9,10.9
 Mauritania,2.2,2.3,2.4,2.5,2.5,2.6,2.7,2.8,2.8,2.9,3,3,3.1,3.2,3.4,3.4,3.5,3.6,3.7,3.8,3.9,4,4.1,4.3,4.3,4.4,4.5,4.6,4.7
 Mauritius,5.7,5.8,5.9,6,6.1,6.3,6.2,6.2,6.2,6.2,6.2,6.4,6.6,6.8,7.2,7.4,7.6,7.8,8,8.2,8.5,8.6,8.9,9.1,9.1,9.3,9.3,9.4,9.5
 Mexico,5.5,5.7,5.9,6.1,6.2,6.4,6.5,6.5,6.6,6.6,6.7,6.8,7,7.1,7.6,8,8,8,8.2,8,8.4,8.6,8.4,8.4,8.6,8.6,8.6,8.6,8.8
 Micronesia (Federated States of),..,..,..,..,..,..,..,..,..,..,4.8,5.1,5.3,5.5,6,6.3,6.5,6.7,7,7.2,7.3,7.3,7.4,7.5,7.6,7.6,7.7,7.7,7.8
 Moldova (Republic of),8,8.1,8.2,8.3,8.5,8.6,8.7,8.8,8.8,8.9,9,9.3,9.6,9.8,10.4,10.6,10.9,10.9,11,11.1,11.1,11.4,11.6,11.6,11.6,11.6,11.6,11.6,11.7
 Mongolia,7.7,7.7,7.7,7.8,7.8,7.8,7.9,8,8,8.1,8.2,8.3,8.4,8.4,8.6,8.8,8.9,9,9.1,9.5,9.8,9.9,9.9,10,10.1,10.1,10.2,10.2,10.3
 Montenegro,..,..,..,..,..,..,..,..,..,..,..,..,..,10.3,10.5,10.7,10.8,10.9,11,11.1,11.1,11.1,11.2,11.3,11.3,11.4,11.5,11.5,11.6
 Morocco,2.2,2.3,2.4,2.5,2.7,2.8,2.9,3,3.1,3.2,3.4,3.5,3.6,3.7,3.9,4,4,4.1,4.2,4.2,4.4,4.6,4.8,5,5,5.4,5.5,5.5,5.6
 Mozambique,0.8,1,1.1,1.2,1.3,1.5,1.7,1.9,2,2.1,2.2,2.4,2.5,2.6,2.9,2.9,3,3.1,3.1,3.2,2.5,2.7,2.8,3,3.1,3.3,3.4,3.5,3.5
 Myanmar,2.4,2.5,2.5,2.6,2.7,2.7,2.8,2.9,2.9,3,3.1,3.2,3.3,3.4,3.5,3.7,3.8,3.9,4,4.1,4.3,4.5,4.7,4.8,4.9,4.9,5,5,5
 Namibia,5.6,5.6,5.6,5.6,5.7,5.7,5.6,5.6,5.6,5.6,5.6,5.8,5.8,5.8,6,6,6.1,6.1,6.2,6.2,6.3,6.4,6.6,6.7,6.8,6.8,6.9,6.9,7
 Nepal,2,2.1,2.1,2.2,2.2,2.2,2.3,2.3,2.3,2.3,2.4,2.5,2.5,2.6,2.8,2.9,3,3.1,3.2,3.3,3.3,4,4.2,4.5,4.7,4.9,4.7,4.9,5
 Netherlands,10.2,10.2,10.3,10.4,10.4,10.5,10.6,10.6,10.7,10.8,10.8,11,11.1,11.3,11.6,11.8,12,12,11.9,12,12,12.1,12.1,12.1,12.2,12.2,12.3,12.3,12.4
 New Zealand,11.5,11.6,11.6,11.6,11.6,11.6,11.6,11.6,11.6,11.6,11.6,11.6,11.6,11.6,11.7,11.7,11.8,11.8,11.9,12,12,12.1,12.1,12.2,12.4,12.6,12.7,12.7,12.8
 Nicaragua,4.1,4.2,4.3,4.4,4.5,4.6,4.7,4.8,4.9,5,5.1,5.2,5.2,5.3,5.5,5.6,5.7,5.8,5.9,6,6.1,6.3,6.4,6.5,6.5,6.7,6.8,6.8,6.9
 Niger,0.7,0.7,0.8,0.8,0.8,0.9,0.9,1,1,1.1,1.1,1.1,1.2,1.2,1.3,1.3,1.4,1.4,1.4,1.4,1.5,1.6,1.7,1.7,1.8,1.9,2,2,2.1
 Nigeria,..,..,..,..,..,..,..,..,..,..,..,..,..,5.2,5.2,5.2,5.2,5.2,5.2,5.2,5.5,5.7,5.9,6.1,6.2,6.3,6.4,6.5,6.7
 North Macedonia,..,..,..,..,..,..,..,..,..,..,6.5,6.8,7.1,7.5,8.2,8.4,8.5,8.7,8.9,9.1,9.3,9.3,9.4,9.5,9.6,9.6,9.7,9.7,9.8
 Norway,11.5,11.6,11.6,11.7,11.7,11.8,11.8,11.9,11.9,12,12,12.1,12.1,12.2,12.4,12.5,12.6,12.7,12.7,12.7,12.8,12.6,12.7,12.5,12.5,12.6,12.8,12.8,12.9
 Oman,..,..,..,..,..,..,..,..,..,..,5.3,5.6,5.9,6.4,6.8,7,7.3,8.1,7.7,7.9,8.3,8.6,8.9,9.3,9.5,9.6,9.7,9.7,9.7
 Pakistan,2.3,2.4,2.5,2.6,2.7,2.8,2.9,3,3.1,3.2,3.3,3.5,3.8,4,4.5,4.4,4.4,4.4,4.5,4.7,4.8,4.8,4.9,5.1,5.1,5.1,5.1,5.2,5.2
 Palau,10.3,10.4,10.5,10.7,10.8,10.9,11,11.1,11.2,11.3,11.4,11.4,11.4,11.4,11.4,11.5,11.7,11.8,11.9,12.1,12.2,12.2,12.2,12.9,12.8,12.7,12.6,12.5,12.5
" Palestine, State of",..,..,..,..,..,..,..,..,..,..,..,..,..,..,7.8,7.9,8,8.2,8.5,8.5,8.7,9,8.9,8.9,9,9.1,9.1,9.1,9.2
 Panama,7.3,7.4,7.6,7.7,7.9,8,8.1,8.2,8.3,8.4,8.5,8.6,8.7,8.8,9,9.1,9.2,9.2,9.3,9.3,9.3,9.5,9.7,9.9,9.9,10,10.2,10.2,10.2
 Papua New Guinea,2.3,2.4,2.6,2.7,2.8,2.9,3,3.1,3.1,3.2,3.3,3.3,3.4,3.4,3.5,3.6,3.7,3.8,3.9,4,4.1,4.2,4.3,4.3,4.3,4.6,4.6,4.6,4.7
 Paraguay,5.8,5.8,5.9,6,6,6.1,6.1,6,6,5.9,5.9,6.2,6.5,7,7.3,7.1,7.1,7.4,7,7.7,7.8,7.8,8.3,8.2,8.5,8.4,8.4,8.4,8.5
 Peru,6.6,6.7,6.9,7,7.1,7.3,7.4,7.5,7.7,7.8,8,8.1,8.3,8.4,8.7,8.1,8.1,8.4,8.4,8.4,9.1,8.6,8.8,9.4,9.1,9.4,9.5,9.7,9.7
 Philippines,6.6,6.7,6.8,6.9,7,7.1,7.2,7.3,7.4,7.5,7.7,7.7,7.9,8,8.7,8.8,8.9,9,9,8.9,9,9.1,9.1,9.2,9.3,9.3,9.4,9.4,9.4
 Poland,9.8,9.9,10.1,10.2,10.4,10.5,10.6,10.7,10.8,10.9,11.1,11.1,11.4,11.5,11.6,11.7,11.8,11.9,12.1,12.2,12.3,11.7,12.1,12.1,12.2,12.3,12.3,12.3,12.5
 Portugal,6.2,6.3,6.3,6.4,6.4,6.4,6.5,6.5,6.7,6.7,6.8,6.9,7,7.2,7.5,7.6,7.7,7.8,7.9,8.1,8.3,8.5,8.6,8.9,9.1,9.1,9.2,9.2,9.3
 Qatar,5.4,5.5,5.6,5.7,5.8,5.9,6.3,6.7,7.1,7.5,7.9,8,8.1,8.2,8.8,9.2,9.6,9.7,9.2,8.4,8.7,9.2,9.9,9.8,9.7,9.7,9.7,9.7,9.7
 Romania,9,9.1,9.2,9.3,9.4,9.5,9.6,9.7,9.7,9.8,9.9,9.7,9.6,9.7,10.1,10.3,10.5,10.6,10.6,10.7,10.8,10.9,10.9,10.9,10.9,11,11,11,11.1
 Russian Federation,9.2,9.4,9.5,9.7,9.9,10,10.3,10.6,10.8,11.1,11.3,11.4,11.4,11.4,11.4,11.4,11.4,11.4,11.5,11.5,11.5,11.6,11.7,11.7,11.8,11.8,12,12.2,12.2
 Rwanda,1.8,1.8,1.8,1.9,1.9,2,2,2.1,2.1,2.2,2.3,2.4,2.5,2.6,2.8,2.9,3.1,3.2,3.3,3.8,3.8,3.7,3.8,4,4,4.1,4.3,4.3,4.4
 Saint Kitts and Nevis,..,..,..,..,..,..,..,..,..,..,..,..,..,..,7.2,7.3,7.4,7.6,7.7,7.8,8,8.1,8.3,8.4,8.4,8.4,8.4,8.5,8.7
 Saint Lucia,..,..,..,..,..,..,..,..,..,..,7,7.1,7.2,7.3,7.5,7.6,7.7,7.8,7.9,8.4,8.4,8.4,8.4,8.4,8.4,8.5,8.5,8.5,8.5
 Saint Vincent and the Grenadines,..,..,..,..,..,..,..,..,..,..,7.5,7.6,7.7,7.8,7.9,8,8,8.1,8.2,8.3,8.3,8.4,8.4,8.5,8.5,8.6,8.6,8.7,8.8
 Samoa,7.6,7.7,7.8,8,8.1,8.2,8.3,8.5,8.6,8.7,8.8,8.9,9.1,9.2,9.4,9.5,9.7,9.8,9.9,10,10.5,10.5,10.5,10.6,10.6,10.6,10.6,10.6,10.8
 Sao Tome and Principe,2.9,3,3.1,3.3,3.4,3.5,3.7,3.8,3.9,4.1,4.2,4.3,4.3,4.4,4.5,4.5,4.6,4.7,4.8,4.9,5,5.1,5.2,5.3,5.6,5.8,6.1,6.4,6.4
 Saudi Arabia,5.7,5.8,5.8,6,6,6.2,6.3,6.4,6.5,6.6,6.7,6.8,7,7.1,7.6,7.8,8.1,8.3,8.6,8.9,9.1,9.4,9.5,9.5,9.8,9.9,10.1,10.2,10.2
 Senegal,2.2,2.2,2.1,2.1,2.1,2.1,2,2,2,1.9,1.9,2.3,2.4,2.4,2.4,2.4,2.4,2.4,2.4,2.4,2.4,2.6,2.8,2.8,2.9,2.9,3,3.1,3.2
 Serbia,8,8.1,8.3,8.5,8.6,8.8,8.9,9,9.2,9.3,9.4,9.6,9.7,9.9,10.2,10.2,10.2,10.4,10.4,10.4,10.6,10.5,10.4,10.7,11,11.1,11.1,11.2,11.2
 Seychelles,..,..,..,..,..,..,..,..,..,..,7.4,7.5,7.6,7.6,7.7,7.8,8.2,8.6,9,9.4,9.4,9.5,9.5,9.6,9.6,9.7,9.8,9.9,10
 Sierra Leone,1.6,1.7,1.7,1.8,1.9,2,2,2.1,2.2,2.2,2.3,2.4,2.5,2.5,2.7,2.8,2.8,2.9,3,3.1,3.1,3.2,3.3,3.3,3.4,3.4,3.5,3.6,3.7
 Singapore,5.8,6.1,6.4,6.7,7,7.3,7.6,8,8.3,8.6,8.9,9.2,9.5,9.8,10.6,10.5,10.3,10.5,10.5,11,11.1,11.1,11.2,11.3,11.6,11.6,11.4,11.6,11.6
 Slovakia,10.8,10.9,11,11.1,11.3,11.4,11.2,11,10.8,10.5,10.3,10.2,10.3,10.4,10.8,10.9,11.1,11.2,11.4,11.6,12.1,12.3,12.2,12.3,12.5,12.6,12.6,12.6,12.7
 Slovenia,10.9,11,11,11.1,11.2,11.2,11.3,11.4,11.4,11.5,11.6,11.5,11.5,11.5,11.7,11.8,11.8,11.9,12.1,12.1,12.2,11.7,11.7,11.9,11.9,12,12.3,12.5,12.7
 Solomon Islands,..,..,..,..,..,..,..,..,..,4.5,4.6,4.6,4.7,4.7,4.8,4.9,4.9,5,5,5.1,5.2,5.2,5.3,5.3,5.4,5.4,5.5,5.5,5.7
 Somalia,..,..,..,..,..,..,..,..,..,..,..,..,..,..,..,2.1,..,..,..,..,..,..,..,..,..,..,..,..,..
 South Africa,6.5,6.6,7.2,7.5,7.9,8.2,8.3,8.4,8.5,8.7,8.8,7.5,8.5,8.8,8.9,9,9.1,9.7,10.1,10.2,9.6,9.8,9.9,10,10.1,10.2,10.2,10.2,10.2
 South Sudan,..,..,..,..,..,..,..,..,..,..,..,..,..,..,..,..,..,4.8,4.8,4.8,4.8,4.8,4.8,4.8,4.8,4.8,4.8,4.8,4.8
 Spain,6,6.4,6.7,7.1,7.4,7.7,7.9,8,8.1,8.2,8.4,8.5,8.5,8.6,9,9.1,9.2,9.2,9.3,9.4,9.5,9.6,9.5,9.8,10,10.1,10.2,10.3,10.3
 Sri Lanka,8.3,8.5,8.6,8.8,8.9,9.1,9.3,9.4,9.6,9.8,10,10.2,10.2,10.2,10.4,10.5,10.6,11,10.9,10.8,10.8,10.9,10.9,10.9,10.9,10.5,10.6,10.6,10.6
 Sudan,1.5,1.6,1.7,1.8,1.9,2,2.1,2.2,2.3,2.3,2.4,2.5,2.6,2.7,2.9,3,3,3,3.1,3.1,3.2,3.3,3.4,3.5,3.6,3.6,3.7,3.7,3.8
 Suriname,..,..,..,..,..,..,..,..,..,..,..,..,..,..,7.7,7.7,7.7,7.7,7.7,7.7,8.3,8.8,8.9,9,9,9.1,9.1,9.1,9.3
 Sweden,10.5,10.6,10.7,10.8,10.9,10.9,11,11.1,11.2,11.3,11.4,11.5,11.6,11.8,12.4,12.4,12.5,12.2,12.2,12.3,12.4,12.4,12.2,12.3,12.4,12.4,12.4,12.4,12.5
 Switzerland,9.7,9.7,9.7,9.7,9.8,9.8,10.1,10.4,10.8,11.1,11.4,11.6,11.7,11.8,12,12.3,12.6,12.9,13.3,13.3,13.3,13.4,13.4,12.9,13.1,13,13.1,13.4,13.4
 Syrian Arab Republic,4,4.1,4.2,4.3,4.4,4.5,4.5,4.5,4.5,4.6,4.6,4.8,4.7,5.1,5.8,6.2,6.5,6.3,6.6,6.3,6.3,6.3,6.3,5.6,5.1,5.1,5.1,5.1,5.1
 Tajikistan,9.6,9.8,10,10.2,10.4,10.6,10.6,10.6,10.6,10.6,10.7,10.6,10.6,10.6,10.5,10.5,10.5,11,10.9,10.9,10.8,10.7,10.7,10.6,10.5,10.5,10.6,10.7,10.7
 Tanzania (United Republic of),3.6,3.7,3.8,3.9,4,4.1,4.1,4.2,4.2,4.2,4.2,4.3,4.3,4.4,4.8,4.8,4.9,5,5,5.1,5.1,5.5,5.6,5.7,5.9,6,6,6,6.1
 Thailand,4.6,4.7,4.7,4.8,4.9,5,5.2,5.5,5.7,5.9,6.1,6.3,6.5,6.7,7,6.6,7.1,7.3,7.5,7.3,7.5,7.7,7.5,7.6,7.6,7.6,7.7,7.8,7.9
 Timor-Leste,..,..,..,..,..,..,..,..,..,..,2.8,2.8,2.9,3,3.3,3.4,3.5,4,4.4,4.4,4.5,4.5,4.5,4.5,4.5,4.5,4.5,4.5,4.8
 Togo,3,3.1,3.2,3.3,3.4,3.5,3.6,3.7,3.8,3.9,4,4,4.1,4.1,4.2,4.3,4.3,4.3,4.3,4.3,4.4,4.4,4.5,4.5,4.6,4.6,4.7,4.8,5
 Tonga,8.3,8.5,8.6,8.8,9,9.1,9.1,9.1,9.1,9.1,9.1,9.1,9.1,9.2,9.2,9.4,9.8,10.1,10.4,10.7,10.9,10.9,11,11.1,11.2,11.2,11.2,11.2,11.2
 Trinidad and Tobago,7.9,8.1,8.2,8.3,8.4,8.5,8.7,8.8,8.9,9,9.2,9.3,9.4,9.5,10,9.9,10.5,10.7,10.7,10.8,10.8,10.8,10.9,10.9,10.9,11,11,11,11
 Tunisia,3.4,3.6,3.7,3.9,4,4.1,4.3,4.4,4.6,4.7,4.9,5.1,5.2,5.4,5.8,5.9,6.1,6.3,6.4,6.7,6.9,6.8,6.8,6.9,7,7.1,7.2,7.2,7.2
 Turkey,4.5,4.6,4.6,4.7,4.8,4.8,5,5.1,5.3,5.4,5.5,5.6,5.7,5.8,6.1,6,6.1,6.2,6.3,6.5,6.7,7.3,7.5,7.7,7.6,7.8,8,8.1,8.1
 Turkmenistan,..,..,..,..,..,..,..,..,..,..,..,..,..,..,..,..,..,..,..,9.9,9.9,9.8,9.8,9.8,9.8,9.8,9.8,10.3,10.3
 Uganda,2.8,2.9,3,3.1,3.3,3.4,3.5,3.6,3.7,3.8,3.9,4,4.2,4.3,4.4,4.6,4.8,5.2,5.2,5.7,5.4,5.3,5.4,5.5,5.7,5.7,5.8,6.1,6.2
 Ukraine,9.1,9.3,9.5,9.7,9.9,10,10.2,10.3,10.4,10.6,10.7,10.8,10.9,11,11.2,11.2,11.2,11.3,11.3,11.3,11.3,11.3,11.3,11.5,11.4,11.4,11.4,11.4,11.4
 United Arab Emirates,5.6,5.9,6.2,6.5,6.8,7.1,7.3,7.6,7.8,8,8.3,8.4,8.6,8.7,9.1,9.3,9.4,9.6,9.7,9.9,10,10.2,10.3,10.5,10.6,10.9,12.1,12.1,12.1
 United Kingdom,7.9,8.6,9.3,10,10.7,11.4,11.4,11.5,11.5,11.6,11.7,11.8,11.9,12,12.2,12.4,12.6,12.8,13.1,13.2,13,12.9,12.6,12.7,12.8,12.9,12.9,13,13.2
 United States,12.3,12.4,12.5,12.6,12.7,12.7,12.7,12.7,12.7,12.7,12.7,12.7,12.7,12.8,12.8,12.8,12.9,13.2,13.2,13.3,13.4,13.4,13.3,13.3,13.3,13.3,13.4,13.4,13.4
 Uruguay,7.2,7.2,7.2,7.3,7.3,7.4,7.5,7.6,7.7,7.9,8,8,8,8,8,8,8.2,8.4,8.4,8.4,8.4,8.5,8.5,8.6,8.7,8.7,8.7,8.8,8.9
 Uzbekistan,..,..,..,..,..,..,..,..,..,..,9.1,9.2,9.4,9.5,9.8,9.9,10.1,10.3,10.5,10.7,10.9,11.1,11.3,11.3,11.4,11.4,11.7,11.8,11.8
 Vanuatu,..,..,..,..,..,..,..,..,..,..,..,..,..,..,6.5,6.5,6.6,6.6,6.6,6.7,6.7,6.8,6.8,6.8,6.8,6.7,6.8,6.8,7.1
 Venezuela (Bolivarian Republic of),4.6,4.8,5,5.1,5.3,5.5,5.7,5.8,6,6.2,6.4,6.4,6.8,7,7.4,7.6,8.1,8.2,8.3,8.9,9.8,9.7,9.9,10,10.1,10.3,10.3,10.3,10.3
 Viet Nam,3.9,4.1,4.2,4.3,4.5,4.6,4.8,4.9,5.1,5.3,5.4,5.6,5.8,6,6.4,6.6,6.8,7,8,7.5,7.6,7.8,7.9,7.8,8,8.1,8.2,8.2,8.3
 Yemen,0.3,0.4,0.4,0.5,0.6,0.7,0.8,0.9,1,1.1,1.2,1.3,1.5,1.6,1.9,2,2.2,2.3,2.5,2.6,2.8,3,3,3,3,3,3,3.2,3.2
 Zambia,4.7,5,5.2,5.5,5.8,6,6,6,5.9,5.9,5.9,6,6.1,6.1,6.3,6.4,6.3,6.5,6.5,6.6,6.7,6.7,6.8,6.8,6.9,7,7.1,7.1,7.2
 Zimbabwe,4.5,4.7,4.9,5.1,5.3,5.5,5.7,5.9,6.1,6.3,6.5,6.7,6.9,6.8,6.8,6.8,7,7,7.2,7.3,7.3,7.9,8,8.2,8.2,8.3,8.3,8.4,8.5
Human Development,,..,..,..,..,..,..,..,..,..,..,..,..,..,..,..,..,..,..,..,..,..,..,..,..,..,..,..,..
Very high human development,9.3,9.4,9.6,9.7,9.9,10.1,10.2,10.3,10.4,10.5,10.6,10.7,10.8,10.9,11.1,11.2,11.3,11.5,11.6,11.6,11.7,11.8,11.8,11.9,11.9,12,12,12,12.2
High human development,4.9,5.1,5.3,5.4,5.6,5.8,6,6.1,6.3,6.5,6.7,6.8,6.9,7,7.2,7.3,7.4,7.4,7.5,7.7,7.8,7.9,8,8.1,8.2,8.2,8.3,8.3,8.4
Medium human development,3,3.1,3.2,3.3,3.5,3.6,3.7,3.9,4,4.2,4.4,4.5,4.6,4.7,4.9,5,5.1,5.2,5.3,5.4,5.4,5.6,5.8,6,6.2,6.3,6.4,6.4,6.3
Low human development,2.1,2.2,2.3,2.4,2.4,2.5,2.6,2.7,2.8,2.8,2.7,2.8,2.9,3.5,3.7,3.8,3.9,3.9,4,4.1,4.2,4.3,4.4,4.5,4.6,4.6,4.7,4.8,4.9
Developing Countries,4.2,4.4,4.5,4.7,4.8,5,5.1,5.3,5.4,5.6,5.7,5.8,5.9,6,6.2,6.3,6.4,6.5,6.6,6.7,6.8,6.9,7,7.1,7.2,7.3,7.4,7.4,7.5
Regions,,..,..,..,..,..,..,..,..,..,..,..,..,..,..,..,..,..,..,..,..,..,..,..,..,..,..,..,..
Arab States,3.3,3.4,3.6,3.7,3.9,4,4.1,4.3,4.4,4.6,4.7,4.9,5,5.2,5.6,5.7,6,6.1,6.2,6.4,6.5,6.7,6.8,6.9,6.9,7,7.1,7.1,7.3
East Asia and the Pacific,4.6,4.8,5,5.1,5.3,5.5,5.7,5.8,6,6.2,6.4,6.5,6.6,6.7,6.9,7,7,7,7.2,7.3,7.4,7.5,7.6,7.7,7.8,7.9,7.9,7.9,8.1
Europe and Central Asia,7.5,7.7,7.8,7.9,8,8.2,8.3,8.4,8.5,8.7,8.8,8.8,8.9,9,9.3,9.4,9.4,9.6,9.7,9.8,9.9,10,10.1,10.2,10.2,10.1,10.2,10.2,10.4
Latin America and the Caribbean,5.2,5.4,5.5,5.7,5.8,6,6.1,6.2,6.3,6.5,6.6,6.7,6.9,7,7.2,7.4,7.5,7.7,7.8,7.8,8,8.1,8.2,8.3,8.4,8.5,8.6,8.6,8.7
South Asia,3,3.1,3.2,3.3,3.4,3.6,3.7,3.9,4.1,4.2,4.4,4.5,4.6,4.7,4.9,5.1,5.2,5.3,5.4,5.5,5.5,5.7,5.9,6.1,6.3,6.4,6.5,6.5,6.5
Sub-Saharan Africa,3.3,3.4,3.6,3.8,3.9,4.1,4.2,4.3,4.4,4.4,4,4,4.2,4.5,4.6,4.7,4.7,4.9,4.9,5.1,5,5.2,5.3,5.4,5.5,5.6,5.7,5.7,5.8
Least Developed Countries,2.3,2.4,2.5,2.6,2.7,2.8,2.9,3,3,3.2,3.1,3.2,3.3,3.4,3.5,3.6,3.7,3.8,3.9,4.1,4.2,4.4,4.4,4.4,4.6,4.7,4.8,4.8,4.9
Small Island Developing States,5.9,6,6.2,6.3,6.5,6.7,6.8,6.9,7,7.1,7.1,7.2,7.2,7.4,7.5,7.6,7.7,7.8,7.9,8.1,8.2,8.2,8.3,8.4,8.5,8.6,8.7,8.6,8.7
Organization for Economic Co-operation and Development,9.3,9.4,9.6,9.7,9.9,10.1,10.2,10.2,10.3,10.4,10.5,10.6,10.7,10.9,11.1,11.2,11.3,11.5,11.5,11.6,11.7,11.8,11.7,11.9,11.9,12,12,12,12
World,5.8,5.9,6.1,6.2,6.3,6.5,6.6,6.7,6.9,7,7.1,7.1,7.2,7.3,7.5,7.6,7.6,7.7,7.8,7.9,8,8.1,8.1,8.2,8.3,8.4,8.4,8.4,8.5
